TestCaseID,Title,Param,param2,param3,Execute,Num Attempts,Num Phone,param4
101.1,	Youtube,"LgBQlW6OTr0",120,Tiger,1,1,1,120
101.2,	Youtube,"nf5-Prx19ZM",91,Next,1,1,1,120
101.3,	Youtube,"nf5-Prx19ZM",91,Next,1,1,1,120
100.0,	Media Hub loading time Vampire,Vampire,83,,0,1,1,120
100.1,	Media Hub loading time Prometheus,Prometheus,148,,1,1,1,120
100.2,	Media Hub loading time Prometheus,Prometheus,148,,1,1,1,120
100.3,	Media Hub loading time,Avengers,145,,1,1,1,120
100.4,	Media Hub loading time,Prometheus,148,,1,1,1,120
100.5,	Media Hub loading time,Avengers,145,,1,1,1,120
100.6,	Media Hub loading time,Prometheus,148,,1,1,1,120
100.7,	Media Hub loading time,Avengers,145,,1,1,1,120
100.8,	Media Hub loading time,Prometheus,148,,1,1,1,120
100.9,	Media Hub loading time,Avengers,145,,1,1,1,120
100.10,	Media Hub loading time,Prometheus,148,,1,1,1,120
100.11,	Media Hub loading time,Avengers,145,,1,1,1,120